reverse_transcriptase:reverse_transcriptase
free_energy:free_energy
small_rna:small_rna
ribosomal_rna:ribosomal_rna
non-coding_rna:non-coding_rna
long_non-coding_rnas:long_non-coding_rnas
messenger_rna:messenger_rna
ion_channel:ion_channel
g_protein-coupled_receptors:g_protein-coupled_receptors
nuclear_receptors:nuclear_receptors
transcription_factor:transcription_factor
rna-binding_proteins:rna-binding_proteins
membrane_protein:membrane_protein
dna-binding_proteins:dna-binding_proteins
protein_complex:protein_complex
protein_family:protein_family
protein:protein
target_gene:target_gene
gene:gene
peptide:peptide
mitochondrial_proteins:mitochondrial_proteins
target_protein:target_protein
secreted_proteins:secreted_proteins
signal_peptides:signal_peptides
alternative_splicing:alternative_splicing
post-translational_modification:post-translational_modification
gene_expression:gene_expression
regulation_of_gene_expression:regulation_of_gene_expression
gene_regulation:gene_regulation
dna_methylation:dna_methylation
promoter_methylation:promoter_methylation
histone_modification:histone_modification
chromatin_accessibility:chromatin_accessibility
transcription_factor_binding:transcription_factor_binding
cpg_islands:cpg_islands
protein-coding_genes:protein-coding_genes
transcription_factor_binding_sites:transcription_factor_binding_sites
sequence_motifs:sequence_motifs
essential_genes:essential_genes
binding_sites:binding_sites
protein_domains:protein_domains
binding_site:binding_site
cleavage_site:cleavage_site
dna_sequence:dna_sequence
t-cell_epitopes:t-cell_epitopes
protein_sequences:protein_sequences
sequence_homology:sequence_homology
amino_acid_sequence:amino_acid_sequence
protein_sequence:protein_sequence
human_proteome:human_proteome
amino_acid_composition:amino_acid_composition
crystal_structure:crystal_structure
protein_data_bank:protein_data_bank
protein_functions:protein_functions
secondary_structure:secondary_structure
protein_structure:protein_structure
gene_function:gene_function
protein_function:protein_function
protein_folding:protein_folding
protein_secondary_structure:protein_secondary_structure
active_sites:active_sites
protein_binding:protein_binding
protein_interaction:protein_interaction
protein-protein_interaction:protein-protein_interaction
disulfide_bonds:disulfide_bonds
peptide_binding:peptide_binding
protein-protein_interactions:protein-protein_interactions
hydrogen_bonds:hydrogen_bonds
binding_affinity:binding_affinity
protein-dna_interactions:protein-dna_interactions
rna-protein_interactions:rna-protein_interactions
protein-protein_complexes:protein-protein_complexes
hot_spot_residues:hot_spot_residues
protein-ligand_interactions:protein-ligand_interactions
genetic_interactions:genetic_interactions
gene_interactions:gene_interactions
molecular_docking:molecular_docking
molecular_dynamics:molecular_dynamics
computational_studies:computational_studies
biological_networks:biological_networks
molecular_networks:molecular_networks
gene_regulatory_networks:gene_regulatory_networks
gene_networks:gene_networks
biological_pathways:biological_pathways
signaling_pathways:signaling_pathways
metabolic_pathway:metabolic_pathway
phase_transitions:phase_transitions
copy_number:copy_number
genetic_variants:genetic_variants
sequence_variants:sequence_variants
single_nucleotide_polymorphism:single_nucleotide_polymorphism
genetic_variation:genetic_variation
missense_mutations:missense_mutations
genetic_diversity:genetic_diversity
somatic_mutations:somatic_mutations
gene_mutation:gene_mutation
somatic_mutation:somatic_mutation
driver_mutations:driver_mutations
cancer_genomes:cancer_genomes
molecular_mechanism:molecular_mechanism
hot_spot:hot_spot
mechanism_of_action:mechanism_of_action
mode_of_action:mode_of_action
oral_bioavailability:oral_bioavailability
aqueous_solubility:aqueous_solubility
antimicrobial_activity:antimicrobial_activity
physiochemical_properties:physiochemical_properties
chemical_properties:chemical_properties
antimicrobial_peptides:antimicrobial_peptides
organic_molecules:organic_molecules
small_molecule:small_molecule
kinase_inhibitors:kinase_inhibitors
natural_product:natural_product
anticancer_drugs:anticancer_drugs
drugs:drugs
drug_combination:drug_combination
chemical_entities:chemical_entities
chemical_space:chemical_space
molecular_descriptors:molecular_descriptors
chemical_descriptors:chemical_descriptors
molecular_fingerprints:molecular_fingerprints
pseudo_amino_acid_composition:pseudo_amino_acid_composition
subcellular_location:subcellular_location
secondary_structure_prediction:secondary_structure_prediction
protein_subcellular_localization:protein_subcellular_localization
structure_prediction:structure_prediction
protein_structure_prediction:protein_structure_prediction
contact_prediction:contact_prediction
protein_design:protein_design
protein_function_prediction:protein_function_prediction
target_prediction:target_prediction
structural_genomics:structural_genomics
protein_classification:protein_classification
traditional_chinese_medicine:traditional_chinese_medicine
gene_ontology:gene_ontology
cell_signaling:cell_signaling
differentially_expressed_genes:differentially_expressed_genes
gene_set:gene_set
differential_expression:differential_expression
biological_features:biological_features
protein_profiles:protein_profiles
metabolite_profiles:metabolite_profiles
molecular_signatures:molecular_signatures
expression_profiles:expression_profiles
gene_signature:gene_signature
molecular_signature:molecular_signature
gene_expression_signature:gene_expression_signature
gene_expression_profile:gene_expression_profile
expression_signature:expression_signature
mirna_signature:mirna_signature
gene_expression_analysis:gene_expression_analysis
gene_expression_profiling:gene_expression_profiling
microarray_analysis:microarray_analysis
rna-seq_data:rna-seq_data
genome_annotation:genome_annotation
rna_sequencing:rna_sequencing
the_cancer_genome_atlas:the_cancer_genome_atlas
genome_sequencing:genome_sequencing
gene_expression_omnibus_database:gene_expression_omnibus_database
exome_sequencing:exome_sequencing
gene_sequencing:gene_sequencing
dna_sequencing:dna_sequencing
comparative_genomics:comparative_genomics
androgen_receptor:androgen_receptor
estrogen_receptor:estrogen_receptor
progesterone_receptor:progesterone_receptor
isocitrate_dehydrogenase:isocitrate_dehydrogenase
microsatellite_instability:microsatellite_instability
mass_spectrometry:mass_spectrometry
in_situ_hybridization:in_situ_hybridization
fluorescence_in_situ_hybridization:fluorescence_in_situ_hybridization
flow_cytometry:flow_cytometry
fluorescence_microscopy:fluorescence_microscopy
electron_microscopy:electron_microscopy
molecular_subtypes:molecular_subtypes
breast_cancer_subtypes:breast_cancer_subtypes
dna_repair:dna_repair
luminal_a:luminal_a
molecular_subtype:molecular_subtype
cancer_type:cancer_type
computational_biology:computational_biology
molecular_biology:molecular_biology
cancer_research:cancer_research
biomedical_research:biomedical_research
biological_relevance:biological_relevance
clinical_research:clinical_research
clinical_significance:clinical_significance
translational_research:translational_research
regenerative_medicine:regenerative_medicine
tissue_engineering:tissue_engineering
clinical_utility:clinical_utility
drug_design:drug_design
drug_discovery:drug_discovery
drug_delivery:drug_delivery
drug_development:drug_development
drug_repositioning:drug_repositioning
drug_screening:drug_screening
cancer_treatment:cancer_treatment
clinical_applications:clinical_applications
drug_target:drug_target
risk_factor:risk_factor
independent_predictor:independent_predictor
prognostic_factor:prognostic_factor
marker_genes:marker_genes
prognostic_marker:prognostic_marker
prognostic_biomarker:prognostic_biomarker
diagnostic_marker:diagnostic_marker
molecular_marker:molecular_marker
biomarker_discovery:biomarker_discovery
imaging_biomarker:imaging_biomarker
biomarker_development:biomarker_development
predictive_biomarkers:predictive_biomarkers
prognostic_biomarkers:prognostic_biomarkers
diagnostic_biomarkers:diagnostic_biomarkers
disease_biomarkers:disease_biomarkers
molecular_biomarkers:molecular_biomarkers
cancer_biomarkers:cancer_biomarkers
imaging_biomarkers:imaging_biomarkers
clinical_markers:clinical_markers
biomarker_panel:biomarker_panel
clinical_validation:clinical_validation
neuroimaging_biomarkers:neuroimaging_biomarkers
liquid_biopsy:liquid_biopsy
molecular_profiling:molecular_profiling
diagnostic_tools:diagnostic_tools
screening_methods:screening_methods
diagnostic_techniques:diagnostic_techniques
imaging_modalities:imaging_modalities
prognostic_signature:prognostic_signature
molecular_diagnostics:molecular_diagnostics
contrast_agents:contrast_agents
diagnostic_test:diagnostic_test
screening_test:screening_test
molecular_test:molecular_test
genetic_testing:genetic_testing
taxonomic_classification:taxonomic_classification
species_identification:species_identification
rapid_detection:rapid_detection
molecular_diagnosis:molecular_diagnosis
molecular_classification:molecular_classification
subtype_classification:subtype_classification
diagnosis_and_prognosis:diagnosis_and_prognosis
early_detection:early_detection
early_diagnosis:early_diagnosis
personalized_treatment:personalized_treatment
patient_stratification:patient_stratification
prognostic_prediction:prognostic_prediction
prognosis_prediction:prognosis_prediction
risk_prediction:risk_prediction
outcome_prediction:outcome_prediction
risk_stratification:risk_stratification
survival_prediction:survival_prediction
disease_prediction:disease_prediction
cancer_prognosis:cancer_prognosis
mortality_prediction:mortality_prediction
gene_selection:gene_selection
risk_assessment:risk_assessment
genomic_selection:genomic_selection
cancer_classification:cancer_classification
risk_classification:risk_classification
treatment_selection:treatment_selection
tumor_classification:tumor_classification
disease_classification:disease_classification
diagnostic_classification:diagnostic_classification
clinical_decision:clinical_decision
patient_treatment:patient_treatment
disease_diagnosis:disease_diagnosis
differential_diagnosis:differential_diagnosis
clinical_diagnosis:clinical_diagnosis
clinical_staging:clinical_staging
pathological_diagnosis:pathological_diagnosis
cancer_detection:cancer_detection
tumor_detection:tumor_detection
diagnosis_of_lung_cancer:diagnosis_of_lung_cancer
cancer_diagnosis:cancer_diagnosis
diagnosis_of_cancer:diagnosis_of_cancer
breast_cancer_diagnosis:breast_cancer_diagnosis
surgical_planning:surgical_planning
lymph_node_status:lymph_node_status
tnm_stage:tnm_stage
treatment_planning:treatment_planning
radiotherapy_planning:radiotherapy_planning
diagnostic_ability:diagnostic_ability
diagnostic_performance:diagnostic_performance
diagnostic_accuracy:diagnostic_accuracy
gleason_score:gleason_score
gleason_grade:gleason_grade
fault_diagnosis:fault_diagnosis
predictive_information:predictive_information
model_organisms:model_organisms
disease_models:disease_models
tumor_marker:tumor_marker
diagnostic_information:diagnostic_information
mouse_models:mouse_models
animal_models:animal_models
molecular_modeling:molecular_modeling
prostate-specific_antigen:prostate-specific_antigen
cross-sectional_study:cross-sectional_study
cohort_study:cohort_study
multicenter_study:multicenter_study
clinical_trial:clinical_trial
observational_cohort_study:observational_cohort_study
clinical_study:clinical_study
retrospective_analysis:retrospective_analysis
randomized_controlled_trial:randomized_controlled_trial
subgroup_analysis:subgroup_analysis
prospective_cohort:prospective_cohort
systematic_review:systematic_review
randomized_clinical_trials:randomized_clinical_trials
randomized_controlled_trials:randomized_controlled_trials
epidemiological_studies:epidemiological_studies
systematic_reviews:systematic_reviews
major_histocompatibility_complex:major_histocompatibility_complex
mhc_class_ii:mhc_class_ii
human_leukocyte_antigen:human_leukocyte_antigen
outcome_measure:outcome_measure
pharmacokinetic_parameters:pharmacokinetic_parameters
clinical_reports:clinical_reports
clinical_data:clinical_data
real-world_data:real-world_data
health_data:health_data
structured_data:structured_data
heterogeneous_data:heterogeneous_data
high-throughput_data:high-throughput_data
missing_data:missing_data
medical_records:medical_records
death_certificates:death_certificates
data_resources:data_resources
research_database:research_database
health_records:health_records
personal_data:personal_data
pathology_reports:pathology_reports
clinical_databases:clinical_databases
clinical_notes:clinical_notes
radiology_reports:radiology_reports
clinical_guidelines:clinical_guidelines
unstructured_data:unstructured_data
biomedical_literature:biomedical_literature
electronic_health_record:electronic_health_record
secondary_use:secondary_use
clinical_text:clinical_text
natural_language:natural_language
clinical_decision_support_systems:clinical_decision_support_systems
named_entities:named_entities
institutional_review_board:institutional_review_board
clinical_decision_support_system:clinical_decision_support_system
radiology_report:radiology_report
personal_health:personal_health
clinical_workflow:clinical_workflow
point_of_care:point_of_care
suicide_notes:suicide_notes
cell_cycle:cell_cycle
uk_biobank:uk_biobank
drug_metabolism:drug_metabolism
cell_proliferation:cell_proliferation
cell_viability:cell_viability
cell_shape:cell_shape
cell_morphology:cell_morphology
drug_response:drug_response
drug_sensitivity:drug_sensitivity
mechanical_properties:mechanical_properties
material_properties:material_properties
inter-rater_reliability:inter-rater_reliability
inter-observer_variability:inter-observer_variability
tissue_properties:tissue_properties
interobserver_variability:interobserver_variability
health_monitoring:health_monitoring
long-term_monitoring:long-term_monitoring
objective_assessment:objective_assessment
objective_measurement:objective_measurement
caenorhabditis_elegans:caenorhabditis_elegans
feature_genes:feature_genes
saccharomyces_cerevisiae:saccharomyces_cerevisiae
arabidopsis_thaliana:arabidopsis_thaliana
relevant_variables:relevant_variables
structural_alerts:structural_alerts
pain_assessment:pain_assessment
seizure_prediction:seizure_prediction
radiomic_features:radiomic_features
tumor_heterogeneity:tumor_heterogeneity
molecular_classifier:molecular_classifier
in_vitro:in_vitro
radiomic_signature:radiomic_signature
genomic_classifier:genomic_classifier
in_vivo:in_vivo
noisy_data:noisy_data
imbalanced_data:imbalanced_data
tissue_microarray:tissue_microarray
gene_expression_classifier:gene_expression_classifier
cell_segmentation:cell_segmentation
plant_phenotyping:plant_phenotyping
activity_cliffs:activity_cliffs
vessel_segmentation:vessel_segmentation
brain_tumor_segmentation:brain_tumor_segmentation
tumor_segmentation:tumor_segmentation
lesion_segmentation:lesion_segmentation
cell_classification:cell_classification
biomedical_informatics:biomedical_informatics
tissue_classification:tissue_classification
medical_image:medical_image
microscopy_images:microscopy_images
microscopic_images:microscopic_images
whole_slide_images:whole_slide_images
retinal_images:retinal_images
histopathological_images:histopathological_images
fundus_image:fundus_image
hyperspectral_images:hyperspectral_images
quality_control:quality_control
digital_pathology:digital_pathology
tissue_images:tissue_images
world_health_organization:world_health_organization
raman_spectra:raman_spectra
single_cell:single_cell
clinical_oncology:clinical_oncology
radiation_oncology:radiation_oncology
medical_devices:medical_devices
lesion_classification:lesion_classification
food_and_drug_administration:food_and_drug_administration
cancer_imaging:cancer_imaging
clinical_laboratory:clinical_laboratory
dairy_cattle:dairy_cattle
medical_imaging:medical_imaging
visual_assessment:visual_assessment
nuclear_medicine:nuclear_medicine
computer-assisted_diagnosis:computer-assisted_diagnosis
molecular_imaging:molecular_imaging
clinical_imaging:clinical_imaging
anatomical_landmarks:anatomical_landmarks
cancer_screening:cancer_screening
diagnostic_imaging:diagnostic_imaging
breast_cancer_screening:breast_cancer_screening
ultrasound_images:ultrasound_images
breast_imaging:breast_imaging
screening_mammography:screening_mammography
lung_cancer_screening:lung_cancer_screening
plaque_components:plaque_components
functional_imaging:functional_imaging
active_surveillance:active_surveillance
digital_mammography:digital_mammography
breast_mri:breast_mri
multiparametric_magnetic_resonance_imaging:multiparametric_magnetic_resonance_imaging
breast_ultrasound:breast_ultrasound
magnetic_resonance_spectroscopy:magnetic_resonance_spectroscopy
optical_coherence_tomography:optical_coherence_tomography
cardiac_mr:cardiac_mr
positron_emission_tomography:positron_emission_tomography
fractional_flow_reserve:fractional_flow_reserve
dynamic_contrast-enhanced_magnetic_resonance_imaging:dynamic_contrast-enhanced_magnetic_resonance_imaging
intravascular_ultrasound:intravascular_ultrasound
magnetic_resonance_images:magnetic_resonance_images
low-dose_ct:low-dose_ct
myocardial_perfusion:myocardial_perfusion
coronary_ct_angiography:coronary_ct_angiography
cardiac_magnetic_resonance:cardiac_magnetic_resonance
coronary_computed_tomography_angiography:coronary_computed_tomography_angiography
cardiac_mri:cardiac_mri
ct_images:ct_images
magnetic_resonance:magnetic_resonance
coronary_angiography:coronary_angiography
ct_imaging:ct_imaging
diffusion-weighted_imaging:diffusion-weighted_imaging
ct_scans:ct_scans
fluid-attenuated_inversion_recovery:fluid-attenuated_inversion_recovery
brain_mri:brain_mri
computerized_tomography:computerized_tomography
computed_tomography:computed_tomography
contrast_enhancement:contrast_enhancement
ct_scan:ct_scan
capsule_endoscopy:capsule_endoscopy
apparent_diffusion_coefficient:apparent_diffusion_coefficient
ct_colonography:ct_colonography
chest_radiographs:chest_radiographs
chest_ct:chest_ct
chest_radiography:chest_radiography
chest_x-ray:chest_x-ray
physical_examination:physical_examination
blood_tests:blood_tests
fine-needle_aspiration:fine-needle_aspiration
liver_biopsy:liver_biopsy
blood_smear:blood_smear
fine_needle_aspiration:fine_needle_aspiration
reference_standard:reference_standard
signal-to-noise_ratios:signal-to-noise_ratios
indeterminate_cytology:indeterminate_cytology
pulmonary_nodule:pulmonary_nodule
lung_nodules:lung_nodules
breast_lesion:breast_lesion
thyroid_nodule:thyroid_nodule
breast_mass:breast_mass
thyroid_nodules:thyroid_nodules
indeterminate_nodules:indeterminate_nodules
indeterminate_thyroid_nodules:indeterminate_thyroid_nodules
colorectal_polyps:colorectal_polyps
background_noise:background_noise
radiation_therapy:radiation_therapy
clinical_practice:clinical_practice
adjuvant_therapy:adjuvant_therapy
neoadjuvant_chemotherapy:neoadjuvant_chemotherapy
adjuvant_chemotherapy:adjuvant_chemotherapy
medical_treatment:medical_treatment
microbial_ecology:microbial_ecology
lymph_nodes:lymph_nodes
human_microbiome:human_microbiome
microbial_communities:microbial_communities
skin_sensitization:skin_sensitization
lymph_node:lymph_node
gut_microbiome:gut_microbiome
gut_microbiota:gut_microbiota
community_composition:community_composition
ductal_carcinoma_in_situ:ductal_carcinoma_in_situ
stem_cell:stem_cell
bacterial_pathogens:bacterial_pathogens
cell_types:cell_types
antimicrobial_resistance:antimicrobial_resistance
gram-negative_bacteria:gram-negative_bacteria
cell_line:cell_line
antibiotic_resistance:antibiotic_resistance
cell_lines:cell_lines
t_cells:t_cells
escherichia_coli:escherichia_coli
t_cell:t_cell
immune_cell:immune_cell
b_cells:b_cells
drug_resistance:drug_resistance
multidrug_resistance:multidrug_resistance
immune_cells:immune_cells
pseudomonas_aeruginosa:pseudomonas_aeruginosa
cervical_intraepithelial_neoplasia:cervical_intraepithelial_neoplasia
mycobacterium_tuberculosis:mycobacterium_tuberculosis
helicobacter_pylori:helicobacter_pylori
volatile_organic_compounds:volatile_organic_compounds
germinal_center:germinal_center
human_papillomavirus:human_papillomavirus
study_design:study_design
prostate:prostate
breast_cancer_cells:breast_cancer_cells
breast_carcinoma:breast_carcinoma
cervical_cancer:cervical_cancer
prostate_cancer:prostate_cancer
breast_cancer:breast_cancer
endometrial_cancer:endometrial_cancer
urothelial_carcinoma:urothelial_carcinoma
breast_tumor:breast_tumor
rectal_cancer:rectal_cancer
ovarian_carcinoma:ovarian_carcinoma
squamous_cell_carcinoma:squamous_cell_carcinoma
ovarian_cancer:ovarian_cancer
bladder_cancer:bladder_cancer
gastric_cancer:gastric_cancer
colon_cancer:colon_cancer
esophageal_cancer:esophageal_cancer
colorectal_cancer:colorectal_cancer
thyroid_carcinoma:thyroid_carcinoma
pancreatic_ductal_adenocarcinoma:pancreatic_ductal_adenocarcinoma
lung_cancer:lung_cancer
oral_cancer:oral_cancer
thyroid_cancer:thyroid_cancer
pancreatic_cancer:pancreatic_cancer
lung_adenocarcinoma:lung_adenocarcinoma
non-small-cell_lung_cancer:non-small-cell_lung_cancer
non-small_cell_lung_cancer:non-small_cell_lung_cancer
malignant_melanoma:malignant_melanoma
cancer:cancer
head_and_neck_squamous_cell_carcinoma:head_and_neck_squamous_cell_carcinoma
head_and_neck_cancer:head_and_neck_cancer
nasopharyngeal_carcinoma:nasopharyngeal_carcinoma
liver_cancer:liver_cancer
hepatocellular_carcinoma:hepatocellular_carcinoma
skin_cancer:skin_cancer
renal_cell_carcinoma:renal_cell_carcinoma
clear_cell_renal_cell_carcinoma:clear_cell_renal_cell_carcinoma
tumor:tumor
brain_cancer:brain_cancer
glioblastoma_multiforme:glioblastoma_multiforme
brain_tumor:brain_tumor
brain_metastases:brain_metastases
acute_myeloid_leukemia:acute_myeloid_leukemia
brain_metastasis:brain_metastasis
acute_lymphoblastic_leukemia:acute_lymphoblastic_leukemia
cancer_progression:cancer_progression
tumor_microenvironment:tumor_microenvironment
head_and_neck:head_and_neck
radiation_necrosis:radiation_necrosis
organs_at_risk:organs_at_risk
target_volume:target_volume
tumor_volume:tumor_volume
magnetic_field:magnetic_field
stage_iii:stage_iii
plasmodium_falciparum:plasmodium_falciparum
sleep_staging:sleep_staging
skin_lesions:skin_lesions
sleep_stage_classification:sleep_stage_classification
proteomic_classifier:proteomic_classifier
clustered_microcalcifications:clustered_microcalcifications
afirma_gene_expression_classifier:afirma_gene_expression_classifier
surface_learning:surface_learning
cell_wall:cell_wall
control_groups:control_groups
particle_size:particle_size
fatty_acids:fatty_acids
wound_healing:wound_healing
brain_age:brain_age
effect_size:effect_size
hard_exudates:hard_exudates
alkaline_phosphatase:alkaline_phosphatase
bone_marrow:bone_marrow
spatial_pattern:spatial_pattern
human_skin:human_skin
standard_automated_perimetry:standard_automated_perimetry
liver_tissue:liver_tissue
human_factors:human_factors
life_cycle:life_cycle
c-reactive_protein:c-reactive_protein
individual_variability:individual_variability
white_blood_cells:white_blood_cells
blood_plasma:blood_plasma
sex_differences:sex_differences
red_blood_cells:red_blood_cells
ethical_issues:ethical_issues
cord_blood:cord_blood
whole_blood:whole_blood
human_body:human_body
drug_effects:drug_effects
negative_effects:negative_effects
natural_environment:natural_environment
skeletal_muscle:skeletal_muscle
measurement_error:measurement_error
adipose_tissue:adipose_tissue
human_error:human_error
circadian_clock:circadian_clock
batch_effects:batch_effects
false_positives:false_positives
response_patterns:response_patterns
false_alarms:false_alarms
sign_language:sign_language
physiological_parameters:physiological_parameters
physiological_responses:physiological_responses
visual_fields:visual_fields
retinal_nerve_fiber_layer:retinal_nerve_fiber_layer
blood_vessels:blood_vessels
visual_field:visual_field
blood_vessel:blood_vessel
optic_disc:optic_disc
optic_nerve_head:optic_nerve_head
vital_signs:vital_signs
built_environment:built_environment
soil_moisture:soil_moisture
water_temperature:water_temperature
host_response:host_response
immune_response:immune_response
land_cover:land_cover
land_use:land_use
mammographic_density:mammographic_density
breast_density:breast_density
particulate_matter:particulate_matter
water_quality:water_quality
wastewater_treatment:wastewater_treatment
air_pollution:air_pollution
air_quality:air_quality
climate_change:climate_change
ecosystem_services:ecosystem_services
food_security:food_security
human_rights:human_rights
higher_education:higher_education
medical_education:medical_education
health_promotion:health_promotion
public_health:public_health
global_health:global_health
population_health:population_health
health_systems:health_systems
healthcare_delivery:healthcare_delivery
clinical_care:clinical_care
healthcare_system:healthcare_system
drug_safety:drug_safety
disease_management:disease_management
patient_care:patient_care
patient_safety:patient_safety
health_care:health_care
health_care_providers:health_care_providers
palliative_care:palliative_care
home_care:home_care
smoking_cessation:smoking_cessation
primary_care:primary_care
general_practice:general_practice
quality_of_care:quality_of_care
patient_experience:patient_experience
physical_activity:physical_activity
weight_loss:weight_loss
cumulative_incidence:cumulative_incidence
radical_prostatectomy:radical_prostatectomy
patient_outcomes:patient_outcomes
medication_adherence:medication_adherence
local_control:local_control
progression-free_survival:progression-free_survival
survival_rate:survival_rate
overall_survival:overall_survival
recurrence-free_survival:recurrence-free_survival
disease-free_survival:disease-free_survival
glycemic_control:glycemic_control
survival_outcomes:survival_outcomes
patient_survival:patient_survival
functional_outcomes:functional_outcomes
clinical_outcome:clinical_outcome
treatment_outcome:treatment_outcome
functional_outcome:functional_outcome
health_outcomes:health_outcomes
treatment_response:treatment_response
asthma_control:asthma_control
biochemical_recurrence:biochemical_recurrence
quality_of_life:quality_of_life
early_relapse:early_relapse
early_recurrence:early_recurrence
tumor_recurrence:tumor_recurrence
cancer_recurrence:cancer_recurrence
disease_progression:disease_progression
lung_function:lung_function
disease_activity:disease_activity
recurrence_risk:recurrence_risk
cardiac_function:cardiac_function
renal_function:renal_function
patient_mortality:patient_mortality
clinical_deterioration:clinical_deterioration
disease_risk:disease_risk
cancer_risk:cancer_risk
cardiovascular_risk:cardiovascular_risk
medical_costs:medical_costs
length_of_stay:length_of_stay
prognostic_factors:prognostic_factors
emergency_department_visits:emergency_department_visits
risk_factors:risk_factors
lifestyle_factors:lifestyle_factors
adverse_outcomes:adverse_outcomes
adverse_drug_events:adverse_drug_events
drug-drug_interaction:drug-drug_interaction
drug-drug_interactions:drug-drug_interactions
adverse_drug_reaction:adverse_drug_reaction
toxicity:toxicity
adverse_reactions:adverse_reactions
side_effect:side_effect
emergency_department:emergency_department
emergency_room:emergency_room
general_anesthesia:general_anesthesia
operating_room:operating_room
critical_care:critical_care
intensive_care:intensive_care
bone_age:bone_age
chronological_age:chronological_age
mechanical_ventilation:mechanical_ventilation
preterm_birth:preterm_birth
age_and_gender:age_and_gender
gestational_age:gestational_age
preterm_infants:preterm_infants
rural_areas:rural_areas
age_groups:age_groups
disabled_people:disabled_people
developing_countries:developing_countries
older_people:older_people
high_risk:high_risk
the_elderly:the_elderly
elderly_people:elderly_people
young_adults:young_adults
older_adults:older_adults
socioeconomic_status:socioeconomic_status
social_support:social_support
physical_health:physical_health
waist_circumference:waist_circumference
mental_health:mental_health
body_mass_index:body_mass_index
psychological_distress:psychological_distress
smoking_status:smoking_status
alcohol_use:alcohol_use
substance_use:substance_use
suicidal_ideation:suicidal_ideation
suicide_attempt:suicide_attempt
drug_abuse:drug_abuse
family_history:family_history
hepatitis_c_virus:hepatitis_c_virus
disease_outbreaks:disease_outbreaks
human_immunodeficiency_virus:human_immunodeficiency_virus
chronic_hepatitis_c:chronic_hepatitis_c
liver_transplantation:liver_transplantation
cardiac_surgery:cardiac_surgery
hiv_infection:hiv_infection
severe_sepsis:severe_sepsis
cardiopulmonary_resuscitation:cardiopulmonary_resuscitation
infectious_disease:infectious_disease
heart_rate_variability:heart_rate_variability
infectious_diseases:infectious_diseases
out-of-hospital_cardiac_arrest:out-of-hospital_cardiac_arrest
cardiac_arrest:cardiac_arrest
bacterial_infection:bacterial_infection
ejection_fraction:ejection_fraction
ventricular_fibrillation:ventricular_fibrillation
acute_stroke:acute_stroke
acute_ischemic_stroke:acute_ischemic_stroke
glomerular_filtration_rate:glomerular_filtration_rate
cause_of_death:cause_of_death
subarachnoid_hemorrhage:subarachnoid_hemorrhage
acute_kidney_injury:acute_kidney_injury
urinary_tract_infection:urinary_tract_infection
acute_coronary_syndrome:acute_coronary_syndrome
acute_myocardial_infarction:acute_myocardial_infarction
ischemic_stroke:ischemic_stroke
sudden_cardiac_death:sudden_cardiac_death
gastrointestinal_bleeding:gastrointestinal_bleeding
pulmonary_embolism:pulmonary_embolism
myocardial_infarction:myocardial_infarction
myocardial_ischemia:myocardial_ischemia
cardiac_arrhythmia:cardiac_arrhythmia
bundle_branch_block:bundle_branch_block
cardiac_arrhythmias:cardiac_arrhythmias
abdominal_pain:abdominal_pain
chest_pain:chest_pain
atrial_fibrillation:atrial_fibrillation
renal_failure:renal_failure
congestive_heart_failure:congestive_heart_failure
chronic_kidney_disease:chronic_kidney_disease
heart_failure:heart_failure
coronary_heart_disease:coronary_heart_disease
coronary_artery_disease:coronary_artery_disease
chronic_obstructive_pulmonary_disease:chronic_obstructive_pulmonary_disease
kidney_disease:kidney_disease
liver_cirrhosis:liver_cirrhosis
vascular_disease:vascular_disease
liver_disease:liver_disease
heart_disease:heart_disease
cardiovascular_disease:cardiovascular_disease
pulmonary_hypertension:pulmonary_hypertension
oxidative_stress:oxidative_stress
liver_fibrosis:liver_fibrosis
cardiovascular_diseases:cardiovascular_diseases
lung_disease:lung_disease
lung_nodule:lung_nodule
diabetes_mellitus:diabetes_mellitus
diabetes:diabetes
fatty_liver_disease:fatty_liver_disease
respiratory_disease:respiratory_disease
insulin_resistance:insulin_resistance
respiratory_diseases:respiratory_diseases
metabolic_syndrome:metabolic_syndrome
chronic_disease:chronic_disease
brain_injury:brain_injury
traumatic_brain_injury:traumatic_brain_injury
sleep_apnea:sleep_apnea
spinal_cord_injury:spinal_cord_injury
obstructive_sleep_apnea:obstructive_sleep_apnea
cystic_fibrosis:cystic_fibrosis
low_back_pain:low_back_pain
knee_osteoarthritis:knee_osteoarthritis
inflammatory_bowel_disease:inflammatory_bowel_disease
ulcerative_colitis:ulcerative_colitis
atopic_dermatitis:atopic_dermatitis
rheumatoid_arthritis:rheumatoid_arthritis
celiac_disease:celiac_disease
chronic_pain:chronic_pain
minimally_conscious_state:minimally_conscious_state
voice_disorders:voice_disorders
disorders_of_consciousness:disorders_of_consciousness
mental_illness:mental_illness
post-traumatic_stress_disorder:post-traumatic_stress_disorder
posttraumatic_stress_disorder:posttraumatic_stress_disorder
major_depression:major_depression
mental_disorders:mental_disorders
major_depressive_disorder:major_depressive_disorder
sleep_disorders:sleep_disorders
bipolar_disorder:bipolar_disorder
congenital_heart_disease:congenital_heart_disease
anxiety_disorders:anxiety_disorders
mood_disorders:mood_disorders
schizophrenia:schizophrenia
psychiatric_disorders:psychiatric_disorders
attention_deficit_hyperactivity_disorder:attention_deficit_hyperactivity_disorder
down_syndrome:down_syndrome
autism_spectrum_disorder:autism_spectrum_disorder
cerebral_palsy:cerebral_palsy
intellectual_disability:intellectual_disability
autoimmune_diseases:autoimmune_diseases
neurodevelopmental_disorders:neurodevelopmental_disorders
common_diseases:common_diseases
disease_states:disease_states
rare_diseases:rare_diseases
complex_traits:complex_traits
human_diseases:human_diseases
complex_disease:complex_disease
neurological_diseases:neurological_diseases
neuromuscular_disorders:neuromuscular_disorders
brain_disorders:brain_disorders
neurological_disorders:neurological_disorders
rare_disease:rare_disease
brain_diseases:brain_diseases
neurodegenerative_disorders:neurodegenerative_disorders
neurodegenerative_diseases:neurodegenerative_diseases
movement_disorders:movement_disorders
multiple_sclerosis:multiple_sclerosis
neurodegenerative_disease:neurodegenerative_disease
neurological_disorder:neurological_disorder
essential_tremor:essential_tremor
parkinson_disease:parkinson_disease
amyotrophic_lateral_sclerosis:amyotrophic_lateral_sclerosis
multiple_system_atrophy:multiple_system_atrophy
alzheimers_disease:alzheimers_disease
alzheimer_disease:alzheimer_disease
frontotemporal_dementia:frontotemporal_dementia
eye_disease:eye_disease
epilepsy:epilepsy
age-related_macular_degeneration:age-related_macular_degeneration
diabetic_retinopathy:diabetic_retinopathy
diabetic_macular_edema:diabetic_macular_edema
optic_neuropathy:optic_neuropathy
macular_edema:macular_edema
peripheral_neuropathy:peripheral_neuropathy
epileptic_seizure:epileptic_seizure
temporal_lobe_epilepsy:temporal_lobe_epilepsy
hearing_loss:hearing_loss
cognitive_impairment:cognitive_impairment
cognitive_deficits:cognitive_deficits
motor_impairment:motor_impairment
mild_cognitive_impairment:mild_cognitive_impairment
cognitive_decline:cognitive_decline
normal_aging:normal_aging
cognitively_normal:cognitively_normal
brain_aging:brain_aging
mini-mental_state_examination:mini-mental_state_examination
visual_acuity:visual_acuity
neuropsychological_tests:neuropsychological_tests
activities_of_daily_living:activities_of_daily_living
cognitive_abilities:cognitive_abilities
cognitive_function:cognitive_function
sleep_quality:sleep_quality
sleep:sleep
executive_function:executive_function
sleep_efficiency:sleep_efficiency
gait_speed:gait_speed
sleep_stage:sleep_stage
qt_interval:qt_interval
systolic_blood_pressure:systolic_blood_pressure
respiratory_rate:respiratory_rate
heart_rate:heart_rate
mean_arterial_pressure:mean_arterial_pressure
blood_pressure:blood_pressure
blood_glucose:blood_glucose
coronary_artery:coronary_artery
carotid_artery:carotid_artery
left_ventricle:left_ventricle
lower_extremity:lower_extremity
upper_extremity:upper_extremity
chest_wall:chest_wall
soft_tissue:soft_tissue
articular_cartilage:articular_cartilage
bladder_wall:bladder_wall
small_bowel:small_bowel
lumbar_spine:lumbar_spine
bone_mineral_density:bone_mineral_density
bone_density:bone_density
trabecular_bone:trabecular_bone
energy_expenditure:energy_expenditure
food_intake:food_intake
respiratory_tract:respiratory_tract
gastrointestinal_tract:gastrointestinal_tract
intracranial_pressure:intracranial_pressure
blood-brain_barrier:blood-brain_barrier
blood_flow:blood_flow
cerebral_blood_flow:cerebral_blood_flow
central_nervous_system:central_nervous_system
brain_development:brain_development
autonomic_nervous_system:autonomic_nervous_system
brain_function:brain_function
cortical_surface:cortical_surface
white_matter_lesions:white_matter_lesions
white_matter_hyperintensities:white_matter_hyperintensities
brain_volume:brain_volume
cortical_thickness:cortical_thickness
spinal_cord:spinal_cord
gray_matter_volume:gray_matter_volume
fractional_anisotropy:fractional_anisotropy
grey_matter:grey_matter
gray_matter:gray_matter
voxel-based_morphometry:voxel-based_morphometry
white_matter:white_matter
resting-state_functional_mri:resting-state_functional_mri
regional_homogeneity:regional_homogeneity
structural_connectivity:structural_connectivity
brain_connectivity:brain_connectivity
resting-state_functional_connectivity:resting-state_functional_connectivity
functional_connectivity:functional_connectivity
brain_network:brain_network
resting_state:resting_state
corpus_callosum:corpus_callosum
human_brain:human_brain
cerebral_cortex:cerebral_cortex
salience_network:salience_network
default_mode_network:default_mode_network
posterior_cingulate_cortex:posterior_cingulate_cortex
medial_temporal_lobe:medial_temporal_lobe
basal_ganglia:basal_ganglia
temporal_lobe:temporal_lobe
frontal_cortex:frontal_cortex
dorsolateral_prefrontal_cortex:dorsolateral_prefrontal_cortex
orbitofrontal_cortex:orbitofrontal_cortex
prefrontal_cortex:prefrontal_cortex
parietal_cortex:parietal_cortex
nucleus_accumbens:nucleus_accumbens
visual_cortex:visual_cortex
the_motor_cortex:the_motor_cortex
primary_visual_cortex:primary_visual_cortex
auditory_cortex:auditory_cortex
somatosensory_cortex:somatosensory_cortex
motor_cortex:motor_cortex
primary_motor_cortex:primary_motor_cortex
subthalamic_nucleus:subthalamic_nucleus
deep_brain_stimulation:deep_brain_stimulation
electrical_stimulation:electrical_stimulation
muscle_fatigue:muscle_fatigue
pain_perception:pain_perception
neuronal_activity:neuronal_activity
brain_activity:brain_activity
motor_activity:motor_activity
neural_activity:neural_activity
social_interaction:social_interaction
hemodynamic_response:hemodynamic_response
spontaneous_activity:spontaneous_activity
episodic_memory:episodic_memory
working_memory:working_memory
cognitive_control:cognitive_control
long-term_memory:long-term_memory
memory_retrieval:memory_retrieval
selective_attention:selective_attention
speech_perception:speech_perception
cognitive_load:cognitive_load
neural_representation:neural_representation
mental_imagery:mental_imagery
mind_wandering:mind_wandering
motor_execution:motor_execution
single_neurons:single_neurons
epileptiform_discharges:epileptiform_discharges
local_field_potential:local_field_potential
evoked_potentials:evoked_potentials
epilepsy_surgery:epilepsy_surgery
intracranial_eeg:intracranial_eeg
event-related_potentials:event-related_potentials
scalp_eeg:scalp_eeg
spectral_power:spectral_power
eeg_signal:eeg_signal
emg_signal:emg_signal
ecg_signal:ecg_signal
physiological_signals:physiological_signals
electrodermal_activity:electrodermal_activity
skin_conductance:skin_conductance
respiratory_sounds:respiratory_sounds
heart_sounds:heart_sounds
eye_tracking:eye_tracking
eye_movement:eye_movement
hand_movement:hand_movement
facial_expressions:facial_expressions
hand_motion:hand_motion
hand_gestures:hand_gestures
emotional_state:emotional_state
gait_cycle:gait_cycle
prosthetic_hand:prosthetic_hand
myoelectric_control:myoelectric_control
eyes_closed:eyes_closed
eyes_open:eyes_open
surgical_quality_improvement:surgical_quality_improvement
